{
  "meta": {
    "input": "sidewalk_roadfused_records.json",
    "total_records": 10
  },
  "left_sidewalks": [
    {
      "id": 0,
      "side": "left_sidewalk",
      "centroid": [
        -44.22400665283203,
        28.567541122436523
      ],
      "sidewalk_z": -0.9046500644180924,
      "area": 2.762093193068722,
      "outline": [
        [
          -45.60668182373047,
          29.9687557220459
        ],
        [
          -43.105384826660156,
          28.041526794433594
        ],
        [
          -42.96733093261719,
          27.887222290039062
        ],
        [
          -41.54887390136719,
          26.810104370117188
        ],
        [
          -41.20927429199219,
          26.307130813598633
        ],
        [
          -41.941856384277344,
          26.878509521484375
        ],
        [
          -43.04710006713867,
          27.381540298461914
        ],
        [
          -44.567806243896484,
          28.61293601989746
        ],
        [
          -45.131526947021484,
          29.442733764648438
        ],
        [
          -46.42808532714844,
          30.53192710876465
        ],
        [
          -47.36333465576172,
          30.86799430847168
        ],
        [
          -49.230712890625,
          32.37224578857422
        ],
        [
          -49.180442810058594,
          32.57598876953125
        ],
        [
          -48.8825798034668,
          32.534568786621094
        ],
        [
          -48.70433807373047,
          32.3221435546875
        ],
        [
          -48.16638946533203,
          31.870424270629883
        ],
        [
          -47.92544174194336,
          31.741262435913086
        ],
        [
          -47.27089309692383,
          31.171009063720703
        ],
        [
          -46.506874084472656,
          30.71050262451172
        ],
        [
          -46.01533126831055,
          30.292224884033203
        ],
        [
          -45.820701599121094,
          30.18793296813965
        ],
        [
          -45.60668182373047,
          29.9687557220459
        ]
      ],
      "polyline": [
        [
          -39.50370407104492,
          24.594362258911133
        ],
        [
          -49.230712890625,
          32.37224578857422
        ]
      ],
      "source_indices": [
        60,
        62,
        64,
        66,
        68,
        70,
        72,
        74,
        76,
        78
      ],
      "anchors": [
        [
          -36.413509368896484,
          21.857566833496094
        ],
        [
          -43.87970733642578,
          27.725208282470703
        ],
        [
          -43.87970733642578,
          27.725208282470703
        ],
        [
          -43.87970733642578,
          27.725208282470703
        ],
        [
          -43.87970733642578,
          27.725208282470703
        ],
        [
          -43.87970733642578,
          27.725208282470703
        ],
        [
          -43.87970733642578,
          27.725208282470703
        ],
        [
          -43.87970733642578,
          27.725208282470703
        ],
        [
          -43.87970733642578,
          27.725208282470703
        ],
        [
          -43.87970733642578,
          27.725208282470703
        ]
      ],
      "inner_polylines": [
        [
          [
            -43.937896728515625,
            28.161460876464844
          ],
          [
            -43.02204513549805,
            27.433130264282227
          ],
          [
            -42.934837341308594,
            27.65715217590332
          ],
          [
            -43.778079986572266,
            28.49346160888672
          ]
        ],
        [
          [
            -46.42808532714844,
            30.53192710876465
          ],
          [
            -43.018375396728516,
            27.802486419677734
          ],
          [
            -43.04710006713867,
            27.381540298461914
          ],
          [
            -47.21693420410156,
            30.79848289489746
          ],
          [
            -46.506874084472656,
            30.71050262451172
          ],
          [
            -47.27089309692383,
            31.171009063720703
          ]
        ],
        [
          [
            -41.941856384277344,
            26.878509521484375
          ],
          [
            -40.78226089477539,
            25.553443908691406
          ],
          [
            -48.32521438598633,
            31.648303985595703
          ],
          [
            -46.506874084472656,
            30.71050262451172
          ]
        ],
        [
          [
            -46.42808532714844,
            30.53192710876465
          ],
          [
            -45.77202606201172,
            29.896671295166016
          ],
          [
            -45.09724807739258,
            29.521928787231445
          ],
          [
            -44.267066955566406,
            28.763994216918945
          ],
          [
            -43.77089309692383,
            28.503990173339844
          ],
          [
            -43.18658447265625,
            27.961631774902344
          ],
          [
            -43.14439392089844,
            27.459728240966797
          ],
          [
            -48.32521438598633,
            31.648303985595703
          ]
        ],
        [
          [
            -39.50370407104492,
            24.594362258911133
          ],
          [
            -43.319984436035156,
            28.174287796020508
          ]
        ],
        [
          [
            -39.76213073730469,
            24.732648849487305
          ],
          [
            -48.32521438598633,
            31.648303985595703
          ]
        ],
        [
          [
            -39.50370407104492,
            24.594362258911133
          ],
          [
            -42.149192810058594,
            27.293752670288086
          ],
          [
            -44.444793701171875,
            28.98393440246582
          ]
        ],
        [
          [
            -39.76213073730469,
            24.732648849487305
          ],
          [
            -48.06547164916992,
            31.417661666870117
          ]
        ],
        [
          [
            -39.76213073730469,
            24.732648849487305
          ],
          [
            -49.230712890625,
            32.37224578857422
          ]
        ],
        [
          [
            -40.07175827026367,
            24.99460220336914
          ],
          [
            -49.230712890625,
            32.37224578857422
          ]
        ]
      ]
    }
  ],
  "right_sidewalks": []
}